id,first_name,last_name,email,city,created_at
1,Alice,Dubois,alice.dubois001@example.com,Nice,2024-01-02
2,Ben,Richard,ben.richard002@example.com,Lille,2024-01-03
3,Chloe,Leroy,chloe.leroy003@example.com,Nice,2024-01-04
4,David,Laurent,david.laurent004@example.com,Lille,2024-01-05
5,Emma,David,emma.david005@example.com,Nice,2024-01-06
6,Finn,Vincent,finn.vincent006@example.com,Lille,2024-01-07
7,Grace,Martin,grace.martin007@example.com,Nice,2024-01-08
8,Hugo,Thomas,hugo.thomas008@example.com,Lille,2024-01-09
9,Ines,Petit,ines.petit009@example.com,Nice,2024-01-10
10,Jules,Moreau,jules.moreau010@example.com,Lille,2024-01-11
11,Lina,Michel,lina.michel011@example.com,Nice,2024-01-12
12,Marc,Bertrand,marc.bertrand012@example.com,Lille,2024-01-13
13,Nina,Fournier,nina.fournier013@example.com,Nice,2024-01-14
14,Owen,Bernard,owen.bernard014@example.com,Lille,2024-01-15
15,Paul,Robert,paul.robert015@example.com,Nice,2024-01-16
16,Quinn,Durand,quinn.durand016@example.com,Lille,2024-01-17
17,Rita,Simon,rita.simon017@example.com,Nice,2024-01-18
18,Sara,Garcia,sara.garcia018@example.com,Lille,2024-01-19
19,Tom,Roux,tom.roux019@example.com,Nice,2024-01-20
20,Ugo,Morel,ugo.morel020@example.com,Lille,2024-01-21
21,Alice,Dubois,alice.dubois021@example.com,Nice,2024-01-22
22,Ben,Richard,ben.richard022@example.com,Lille,2024-01-23
23,Chloe,Leroy,chloe.leroy023@example.com,Nice,2024-01-24
24,David,Laurent,david.laurent024@example.com,Lille,2024-01-25
25,Emma,David,emma.david025@example.com,Nice,2024-01-26
26,Finn,Vincent,finn.vincent026@example.com,Lille,2024-01-27
27,Grace,Martin,grace.martin027@example.com,Nice,2024-01-28
28,Hugo,Thomas,hugo.thomas028@example.com,Lille,2024-01-29
29,Ines,Petit,ines.petit029@example.com,Nice,2024-01-30
30,Jules,Moreau,jules.moreau030@example.com,Lille,2024-01-31
31,Lina,Michel,lina.michel031@example.com,Nice,2024-02-01
32,Marc,Bertrand,marc.bertrand032@example.com,Lille,2024-02-02
33,Nina,Fournier,nina.fournier033@example.com,Nice,2024-02-03
34,Owen,Bernard,owen.bernard034@example.com,Lille,2024-02-04
35,Paul,Robert,paul.robert035@example.com,Nice,2024-02-05
36,Quinn,Durand,quinn.durand036@example.com,Lille,2024-02-06
37,Rita,Simon,rita.simon037@example.com,Nice,2024-02-07
38,Sara,Garcia,sara.garcia038@example.com,Lille,2024-02-08
39,Tom,Roux,tom.roux039@example.com,Nice,2024-02-09
40,Ugo,Morel,ugo.morel040@example.com,Lille,2024-02-10
41,Alice,Dubois,alice.dubois041@example.com,Nice,2024-02-11
42,Ben,Richard,ben.richard042@example.com,Lille,2024-02-12
43,Chloe,Leroy,chloe.leroy043@example.com,Nice,2024-02-13
44,David,Laurent,david.laurent044@example.com,Lille,2024-02-14
45,Emma,David,emma.david045@example.com,Nice,2024-02-15
46,Finn,Vincent,finn.vincent046@example.com,Lille,2024-02-16
47,Grace,Martin,grace.martin047@example.com,Nice,2024-02-17
48,Hugo,Thomas,hugo.thomas048@example.com,Lille,2024-02-18
49,Ines,Petit,ines.petit049@example.com,Nice,2024-02-19
50,Jules,Moreau,jules.moreau050@example.com,Lille,2024-02-20
51,Lina,Michel,lina.michel051@example.com,Nice,2024-02-21
52,Marc,Bertrand,marc.bertrand052@example.com,Lille,2024-02-22
53,Nina,Fournier,nina.fournier053@example.com,Nice,2024-02-23
54,Owen,Bernard,owen.bernard054@example.com,Lille,2024-02-24
55,Paul,Robert,paul.robert055@example.com,Nice,2024-02-25
56,Quinn,Durand,quinn.durand056@example.com,Lille,2024-02-26
57,Rita,Simon,rita.simon057@example.com,Nice,2024-02-27
58,Sara,Garcia,sara.garcia058@example.com,Lille,2024-02-28
59,Tom,Roux,tom.roux059@example.com,Nice,2024-02-29
60,Ugo,Morel,ugo.morel060@example.com,Lille,2024-03-01
61,Alice,Dubois,alice.dubois061@example.com,Nice,2024-03-02
62,Ben,Richard,ben.richard062@example.com,Lille,2024-03-03
63,Chloe,Leroy,chloe.leroy063@example.com,Nice,2024-03-04
64,David,Laurent,david.laurent064@example.com,Lille,2024-03-05
65,Emma,David,emma.david065@example.com,Nice,2024-03-06
66,Finn,Vincent,finn.vincent066@example.com,Lille,2024-03-07
67,Grace,Martin,grace.martin067@example.com,Nice,2024-03-08
68,Hugo,Thomas,hugo.thomas068@example.com,Lille,2024-03-09
69,Ines,Petit,ines.petit069@example.com,Nice,2024-03-10
70,Jules,Moreau,jules.moreau070@example.com,Lille,2024-03-11
71,Lina,Michel,lina.michel071@example.com,Nice,2024-03-12
72,Marc,Bertrand,marc.bertrand072@example.com,Lille,2024-03-13
73,Nina,Fournier,nina.fournier073@example.com,Nice,2024-03-14
74,Owen,Bernard,owen.bernard074@example.com,Lille,2024-03-15
75,Paul,Robert,paul.robert075@example.com,Nice,2024-03-16
76,Quinn,Durand,quinn.durand076@example.com,Lille,2024-03-17
77,Rita,Simon,rita.simon077@example.com,Nice,2024-03-18
78,Sara,Garcia,sara.garcia078@example.com,Lille,2024-03-19
79,Tom,Roux,tom.roux079@example.com,Nice,2024-03-20
80,Ugo,Morel,ugo.morel080@example.com,Lille,2024-03-21
81,Alice,Dubois,alice.dubois081@example.com,Nice,2024-03-22
82,Ben,Richard,ben.richard082@example.com,Lille,2024-03-23
83,Chloe,Leroy,chloe.leroy083@example.com,Nice,2024-03-24
84,David,Laurent,david.laurent084@example.com,Lille,2024-03-25
85,Emma,David,emma.david085@example.com,Nice,2024-03-26
86,Finn,Vincent,finn.vincent086@example.com,Lille,2024-03-27
87,Grace,Martin,grace.martin087@example.com,Nice,2024-03-28
88,Hugo,Thomas,hugo.thomas088@example.com,Lille,2024-03-29
89,Ines,Petit,ines.petit089@example.com,Nice,2024-03-30
90,Jules,Moreau,jules.moreau090@example.com,Lille,2024-03-31
91,Lina,Michel,lina.michel091@example.com,Nice,2024-04-01
92,Marc,Bertrand,marc.bertrand092@example.com,Lille,2024-04-02
93,Nina,Fournier,nina.fournier093@example.com,Nice,2024-04-03
94,Owen,Bernard,owen.bernard094@example.com,Lille,2024-04-04
95,Paul,Robert,paul.robert095@example.com,Nice,2024-04-05
96,Quinn,Durand,quinn.durand096@example.com,Lille,2024-04-06
97,Rita,Simon,rita.simon097@example.com,Nice,2024-04-07
98,Sara,Garcia,sara.garcia098@example.com,Lille,2024-04-08
99,Tom,Roux,tom.roux099@example.com,Nice,2024-04-09
100,Ugo,Morel,ugo.morel100@example.com,Lille,2024-04-10
101,Alice,Dubois,alice.dubois101@example.com,Nice,2024-04-11
102,Ben,Richard,ben.richard102@example.com,Lille,2024-04-12
103,Chloe,Leroy,chloe.leroy103@example.com,Nice,2024-04-13
104,David,Laurent,david.laurent104@example.com,Lille,2024-04-14
105,Emma,David,emma.david105@example.com,Nice,2024-04-15
106,Finn,Vincent,finn.vincent106@example.com,Lille,2024-04-16
107,Grace,Martin,grace.martin107@example.com,Nice,2024-04-17
108,Hugo,Thomas,hugo.thomas108@example.com,Lille,2024-04-18
109,Ines,Petit,ines.petit109@example.com,Nice,2024-04-19
110,Jules,Moreau,jules.moreau110@example.com,Lille,2024-04-20
111,Lina,Michel,lina.michel111@example.com,Nice,2024-04-21
112,Marc,Bertrand,marc.bertrand112@example.com,Lille,2024-04-22
113,Nina,Fournier,nina.fournier113@example.com,Nice,2024-04-23
114,Owen,Bernard,owen.bernard114@example.com,Lille,2024-04-24
115,Paul,Robert,paul.robert115@example.com,Nice,2024-04-25
116,Quinn,Durand,quinn.durand116@example.com,Lille,2024-04-26
117,Rita,Simon,rita.simon117@example.com,Nice,2024-04-27
118,Sara,Garcia,sara.garcia118@example.com,Lille,2024-04-28
119,Tom,Roux,tom.roux119@example.com,Nice,2024-04-29
120,Ugo,Morel,ugo.morel120@example.com,Lille,2024-04-30
